Channel ID,Channel Name,Members,Type,Bot Member
C0B13G5A1PY,proj-2026-kfsi-csp-evaluation,39,public,yes
C092ADLPTS5,proj-academy,42,public,yes
C08AHLAPNR1,proj-acquisition-metrics-experimentation-foundation,26,public,yes
C056EUAK9KJ,proj-adoption-expansion,85,public,yes
C088H3SGTCG,proj-adoption-sharing,103,public,yes
C087U6SDWPM,proj-adoption-usage,83,public,yes
C0AKBMXM6GY,proj-afterburner,120,public,yes
C07MXU5MP7X,proj-agent,489,public,yes
C0A8XS4AKFW,proj-agent-2-0-thumbsdown,31,public,yes
C08DE3MMMNE,proj-agent-alerts,29,public,yes
C0AE7UYJP7D,proj-agent-chat-polish,57,public,yes
C09K2VDQYBV,proj-agent-computer,169,public,yes
C0ATU4R1Q2Y,proj-agent-default-suggestion-pills,32,public,yes
C093EDSS9NE,proj-agent-demos,54,public,yes
C06KDKUD79D,proj-agent-face,61,public,yes
C08DQ9H6HCN,proj-agent-feedback,373,public,yes
C09TDCVF8HW,proj-agent-morning-brief,84,public,yes
C0AS4QDFRT8,proj-agent-page-tool-feedback,22,public,yes
C099XMDKYLT,proj-agent-personalization,109,public,yes
C0B684GQQ90,proj-agent-pubsub,24,public,yes
C09PERTDV4M,proj-agent-retention,75,public,yes
C0AKERTN8F7,proj-agent-revisions,36,public,yes
C0B6D1LPHJ7,proj-agent-runlayer-integration,23,public,yes
C0AQ0J4BP7F,proj-agent-service,109,public,yes
C0AAFMFEQTT,proj-agent-skills-instructions,121,public,yes
C08V02B9TRT,proj-agent-thumbsdown,63,public,yes
C09N600BR9T,proj-agent-use-case-clustering,49,public,yes
C09HQ6KTRAA,proj-agent-websearch,38,public,yes
C096XS0ERU6,proj-ai-agent-video,21,public,yes
C094TBXLE04,proj-ai-analytics,94,public,yes
C08LTCG6SMB,proj-ai-announce,225,public,yes
C07NJ100W2C,proj-ai-co-editing,40,public,yes
C08UH81FKK2,proj-ai-codemodo,54,public,yes
C094R0BSB3K,proj-ai-connectors-qa,24,public,yes
C0923HC3SQJ,proj-ai-content-mod,31,public,yes
C0ACQGV3YKS,proj-ai-datasets,26,public,yes
C08EZV52ARZ,proj-ai-discovery,40,public,yes
C0AKN13DP9S,proj-ai-enablement-authz,33,public,yes
C0AB55CNXDH,proj-ai-enhanced-observability,49,public,yes
C0AT3BURRC6,proj-ai-excellence-wg,32,public,yes
C09V1EDSMAP,proj-ai-external-research,34,public,yes
C0B55RZHX3Q,proj-ai-governance,32,public,yes
C0AL3H5C0PM,proj-ai-growth-engine,38,public,yes
C075LU0B5E2,proj-ai-hipaa,38,public,yes
C0A80M6E9CH,proj-ai-labs-event-series,41,public,yes
C08KE4PJNFJ,proj-ai-may-vipers,25,public,yes
C07RQUE4CRJ,proj-ai-setup-gen,79,public,yes
C076QK89SGZ,proj-ai-student-promo,25,public,yes
C0AFH7M95AA,proj-ai-transformation-model,98,public,yes
C0AU5B5HT63,proj-ai-workflows-vision-zero,27,public,yes
C09H8NCQHQT,proj-airflow-platform,27,public,yes
C0AC5NJF53N,proj-all-trials,63,public,yes
C0A7UCNRXAA,proj-apac-automate-region-provisioning,118,public,yes
C0AED1MBN6L,proj-api-guardrails-and-framework,54,public,yes
C08HRTETZQR,proj-app-builder-gtm-alpha,28,public,yes
C08JWP79FQ9,proj-app-builder-partnerships,24,public,yes
C0AJQ7T97JR,proj-applecart,280,public,yes
C0B72PB7BMG,proj-applecart-editor,38,public,yes
C0AQY84RJ4W,proj-applecart-nds,32,public,yes
C0B18SJ321W,proj-applecart-plans-and-prs,43,public,yes
C0AGXLJCFDG,proj-appsec-external-pentest-2026,59,public,yes
C08HPM5DXPC,proj-archive,22,public,yes
C0A18T6QL5B,proj-archive-content,97,public,yes
C08EZBH3Z43,proj-aso,24,public,yes
C08LNFSFE2J,proj-assign-notion-public-ipv4-on-aws,26,public,yes
C081GTLTJ5S,proj-aws-reinvent,32,public,yes
C08HYV7DE3E,proj-b2c2b,26,public,yes
C0AS0D5TQ3D,proj-big-databases,72,public,yes
C0769SEL0QM,proj-bootstrap-client-statsig,25,public,yes
C0ACHBHJAJV,proj-boxy,275,public,yes
C045ZC5TVS9,proj-browser-dev-tools,40,public,yes
C0AGZM63WG2,proj-bug-resolver,92,public,yes
C089B8HH88G,proj-bundle-size,59,public,yes
C0A4H3BC3FC,proj-ca-tiger-team,59,public,yes
C09QPKA308J,proj-cal-mobile,22,public,yes
C09DQFLAQAY,proj-calendar-ai,77,public,yes
C08V1R3MCGH,proj-calendar-eng-x,22,public,yes
C08KE1S4XFE,proj-calendar-outlook,26,public,yes
C0ADW2EBLRE,proj-calendar-refresh-room-permissions,36,public,yes
C08LYNYU6UA,proj-canary-deployment,44,public,yes
C097Z3YA8R4,proj-ci-autofixer-feedback,40,public,yes
C0AGYGSRLDD,proj-cli,59,public,yes
C08V7610WJ1,proj-client-modularization,80,public,yes
C096L07SH47,proj-client-modularization-internal,42,public,yes
C0A2QPU9RU1,proj-client-router,32,public,yes
C080W8U56ES,proj-cloud-infra-platform,21,public,yes
C0AAGQMCYGK,proj-code-sharing-on-mobile,26,public,yes
C08AVRREYK0,proj-collection-limits,37,public,yes
C0A3WV71WSH,proj-collections-platform,24,public,yes
C08K77LFCR2,proj-collections-rearchitecture,29,public,yes
C09HDER0G72,proj-column-based-permissions,67,public,yes
C05A9CP9800,proj-command-search,26,public,yes
C09UMJN0LJ0,proj-commercial-ss-trials,39,public,yes
C06D13VCZ7X,proj-configuration-management,41,public,yes
C08BM05E8RG,proj-contact-sales-2025,40,public,yes
C07CVPESGQK,proj-content-freshness,35,public,yes
C08QHB3PN9H,proj-content-reskin-v2,59,public,yes
C07EY45F79N,proj-conversion-pod-h2,25,public,yes
C0A8C0N0WG7,proj-core-dbs,25,public,yes
C08AJ89CJNN,proj-core-web-26,62,public,yes
C09FB7XD430,proj-cove,27,public,yes
C0A2B3C802E,proj-create-orgs-without-domain-verification,28,public,yes
C07P02PR34P,proj-cross-workspace,29,public,yes
C0AS56S60UW,proj-custom-agent-analytics,29,public,yes
C096EJPQMNZ,proj-custom-agent-connections,225,public,yes
C0A582US29L,proj-custom-agent-hero-video,22,public,yes
C0A4E0J7MHP,proj-custom-agent-permissions,61,public,yes
C09QXCTQC06,proj-custom-agent-thumbsdown,45,public,yes
C092EQ70LUU,proj-custom-agents,537,public,yes
C096RA5JWJU,proj-custom-agents-feedback,506,public,yes
C06R71HKL72,proj-custom-emojis,51,public,yes
C087M9MTPE2,proj-custom-roles,33,public,yes
C0A8RSB76Q5,proj-custom-views,102,public,yes
C0AKKK8CZ7V,proj-customer-security-agent,21,public,yes
C0AM3FJHG9K,proj-cx-dev-platform-may-2026,24,public,yes
C090EF01K38,proj-cx-kcs,27,public,yes
C096W1G9W1X,proj-cx-segmentation,21,public,yes
C08JT030H6V,proj-cx-spring-moment-2025,27,public,yes
C080XJ5P1CM,proj-cx-tool-hex,29,public,yes
C09VC7FAU04,proj-cx-tp-psp,27,public,yes
C0A8Q4Y6K1B,proj-cx-tp-psp-zd-notifications,27,public,yes
C09CC0MNB17,proj-cx-ubp-and-custom-agents,74,public,yes
C09AUTKAT17,proj-dashboard-view,120,public,yes
C0715TM3CF9,proj-data-data-residency,50,public,yes
C07TT4DNVL1,proj-data-lakes-expansion,28,public,yes
C034P52R598,proj-data-loss,27,public,yes
C09FSTNLA7J,proj-data-quality-sfdc,26,public,yes
C06JF7H7K0A,proj-data-residency-alpha-with-ai,74,public,yes
C04MVTSLAKA,proj-data-residency-multi-cells,138,public,yes
C08901P7V19,proj-db-performance,51,public,yes
C08BJ2DQG64,proj-db-row-permissions,142,public,yes
C0A8WS0Q7E2,proj-db-thundering-herd,37,public,yes
C04TA6WQG82,proj-decoupling-models,24,public,yes
C095G4Z12NQ,proj-demo-videos,88,public,yes
C09PWSVPAGL,proj-desktop-nosey,29,public,yes
C0A6FTWTY6T,proj-developer-docs-migration,32,public,yes
C0ARBRBDT2N,proj-dg-ai-in-practice-exec-may-28,24,public,yes
C0AQ72W78RH,proj-dg-vip-dinner-nyc-april-8,24,public,yes
C0AQQ6BENHK,proj-dg-vip-dinner-sf-april-14,24,public,yes
C074RTCGH6G,proj-digest-email,54,public,yes
C06SVF59HR9,proj-domain-link-sharing,81,public,yes
C069MKMQ3SN,proj-dormant-accounts,28,public,yes
C03U02WSY3H,proj-drawing,46,public,yes
C09057HRLC9,proj-duplication-reliability,88,public,yes
C08QB1D4G04,proj-durable-workflows,42,public,yes
C0AP12QTZ8R,proj-dynamo-glow-up,33,public,yes
C081P2Z5E05,proj-edge-cache,50,public,yes
C0B4JQ25R6C,proj-edge-esmeralda,22,public,yes
C09JK2R2H3R,proj-edge-model-and-relations,45,public,yes
C078T0E206Q,proj-ekm,154,public,yes
C09L96SA6JU,proj-ekm-data,33,public,yes
C079H5A5ML4,proj-email-action,34,public,yes
C08QCG5RRQ9,proj-email-aliases,35,public,yes
C08N95HQU85,proj-embedding-platformization,22,public,yes
C04BQP3816J,proj-embeddings-scaling,48,public,yes
C04EKGXN0QL,proj-emea-customer-stories,60,public,yes
C0ABYJ54ZFB,proj-enterprise-api-platform,31,public,yes
C0A1952GQDP,proj-eval-agent,45,public,yes
C08A3BSTMJQ,proj-even-better-onboarding,36,public,yes
C06DAFLNLF9,proj-expansion-analysis-jan-2024,21,public,yes
C06HJB7SM62,proj-expansion-deep-dive-discussion,26,public,yes
C0ALL6BU7G8,proj-external-agents,130,public,yes
C09EJJYA2HK,proj-external-pages,30,public,yes
C0A4MB1V34H,proj-faster-data-migrations,32,public,yes
C0B5ACQAHGC,proj-files-and-folders,23,public,yes
C05NEJG1Z8V,proj-first-block,27,public,yes
C09D5UZGWBH,proj-fix-space-membership,47,public,yes
C09T4A77ADN,proj-fix-space-membership-internal,27,public,yes
C0A88HUSYR1,proj-flaky-failing-test-resolver,32,public,yes
C065YAMGBJL,proj-formal-proxy-postgres-access,48,public,yes
C043Q0UNS9M,proj-formulas,92,public,yes
C0AFK6HQE0P,proj-full-page-meeting-notes,27,public,yes
C08AMRWAZPX,proj-fy26-aws-events,22,public,yes
C0AG2C1AG9H,proj-g2-working-group,34,public,yes
C03EG7SASTS,proj-gainsight,56,public,yes
C09FB9VKCUX,proj-gcp,22,public,yes
C09UX2Y6QP2,proj-globis-offer,23,public,yes
C09FVF6UQ4T,proj-gtm-2-0-system,137,public,yes
C0AEAJP1HL3,proj-harbor-working-group,53,public,yes
C07LTG2JNTV,proj-help-center-search,21,public,yes
C0B49P0ACKE,proj-hex-transition,29,public,yes
C096P9B4SHH,proj-home-shortcuts,36,public,yes
C07MTKXULG7,proj-honeycomb,110,public,yes
C06JCK8B891,proj-horizon-1-new-page,24,public,yes
C0A00BJ9DBJ,proj-image-gen,124,public,yes
C0ALHK45TLJ,proj-improve-frontend-observability,37,public,yes
C073YTVRNJW,proj-in-app-sales-collab,28,public,yes
C0807TG96NL,proj-in-app-upgrade-system,26,public,yes
C0ANG5T0JJ2,proj-inbox-tools,33,public,yes
C0AA6CJB9GA,proj-incident-io-implementation,21,public,yes
C09SBMX2A5R,proj-index-html,42,public,yes
C097UBF955M,proj-infra-console,100,public,yes
C06S33EV83G,proj-interactive-demo-tool,24,public,yes
C08DMVC70TZ,proj-ip-restrictions,51,public,yes
C0AJ1A3AQG3,proj-italian-launch,45,public,yes
C06FUE88ZHC,proj-japan-kickoff,34,public,yes
C0AN0JJHNEQ,proj-japanplaybook,32,public,yes
C05P57LSJF6,proj-jira-sync,151,public,yes
C0ADF5PFQ5B,proj-joystick,35,public,yes
C04PVNZHPB5,proj-jp-ai-usecases,22,public,yes
C0B3DSQP99U,proj-jp-aiexpo-june2026,36,public,yes
C090ADGGLTW,proj-jp-aws-summit-japan-2025,32,public,yes
C0ATYBC6LFQ,proj-jp-developer-platform-launch,23,public,yes
C0ACA9YH717,proj-jp-erica-execbreakfast-event,34,public,yes
C092DH64TEJ,proj-jp-findy-developer-productivity-conference2025,22,public,yes
C09LM8WT8E7,proj-jp-hands-on-seminar,32,public,yes
C0AMB21DMTM,proj-jp-itweek-2026-spring,52,public,yes
C08P1HCMJ76,proj-jp-ivskyoto,23,public,yes
C0AUT2SN6BD,proj-jp-ms-lockin,21,public,yes
C092S9U6YQ5,proj-jp-mwn-2025,50,public,yes
C03BCV0N1FE,proj-jp-onboarding,23,public,yes
C08RBG54ARZ,proj-jp-social-listening,22,public,yes
C072EHEAD6E,proj-just-in-time,36,public,yes
C04KQ6BDE1F,proj-layouts,144,public,yes
C07QBKG9R6X,proj-legal-holds,35,public,yes
C08ANRFD0CE,proj-lenny-bundle,51,public,yes
C09BGU4B05C,proj-library,125,public,yes
C094ZDA9HNG,proj-lifecycle-data,22,public,yes
C0ARQLSQX1R,proj-lifescience,25,public,yes
C09K2RL8ZA4,proj-lighthouse-demo-se,22,public,yes
C08CXMWFLAG,proj-linkedin-bundle,49,public,yes
C07MXSA6QTH,proj-local-first,118,public,yes
C0AUW8YUCLW,proj-lore-notion-as-memory-layer,27,public,yes
C09HH0LTQBW,proj-mail-agent,112,public,yes
C094KP5R13Q,proj-mail-to-notion,33,public,yes
C072Y7G413K,proj-make-with-notion-epd,128,public,yes
C09104Q5NQN,proj-maps,62,public,yes
C07G5E46PFD,proj-markdown-page-builder,45,public,yes
C08BCJ60YGN,proj-marketing-confluence-compete-campaign,41,public,yes
C0A7EGZ3YD8,proj-marketing-site-cro,35,public,yes
C04L47ZAV5G,proj-marketplace,212,public,yes
C07U1HLEX9U,proj-marketplace-consulting,89,public,yes
C0A2CGV5L8K,proj-marketplace-custom-agents,63,public,yes
C06SSKLKCRF,proj-marketplace-integrations,54,public,yes
C03E657NV6Y,proj-marketplace-xfn,67,public,yes
C099Y530DST,proj-mdm,43,public,yes
C09R8PLE24V,proj-memcached-reliability,31,public,yes
C084XDR18KB,proj-messagestore-reliability,22,public,yes
C06EJ81KT18,proj-messaging-system,126,public,yes
C095FF9LNRF,proj-mission-control,38,public,yes
C0A8DQ6FH1T,proj-mobile-ai-tooling,26,public,yes
C0AA35NMVP0,proj-mobile-custom-agents,49,public,yes
C0B2WFMKZLK,proj-mobile-data-insights,32,public,yes
C08H2D1T03T,proj-mobile-native-editor,56,public,yes
C09H67493AS,proj-mobile-native-editor-feedback,40,public,yes
C09KSDYHHR9,proj-mobile-navigation-redesign,33,public,yes
C0A0USKCSHE,proj-mobile-vision,54,public,yes
C06NQ84AGE7,proj-money-paidseathighwatermark,25,public,yes
C07FSRGPFH6,proj-money-purchase-request-flows,22,public,yes
C07T4QNCQH2,proj-msft-sso,22,public,yes
C07FQ3B4H4Z,proj-multi-app-ux,41,public,yes
C06S2FGKTD4,proj-multi-cell-id-schema,27,public,yes
C04MD5WKNCW,proj-my-tasks,37,public,yes
C03PSU62H36,proj-nds,177,public,yes
C098AV4PJUT,proj-nds-internal,38,public,yes
C07G5DRQNLT,proj-new-help-center,25,public,yes
C09RWH2G48P,proj-new-year-2026,28,public,yes
C0B693B6GMN,proj-no-more-webflow,22,public,yes
C09LR95UG66,proj-notion-agents-sdk,80,public,yes
C08E930NM0V,proj-notion-ai-for-work,217,public,yes
C08UB6TJ0TF,proj-notion-codegen-bot,32,public,yes
C09U56R8QD9,proj-notion-codeownership,33,public,yes
C09MTG48F9C,proj-notion-com-migration,228,public,yes
C09A73TRJKS,proj-notion-for-security-teams,24,public,yes
C0APTK36JH1,proj-notion-for-shopify,27,public,yes
C0ARJE3N7GT,proj-notion-foundry,87,public,yes
C09MX9RMP29,proj-notion-infra-as-code,142,public,yes
C08JM405PTJ,proj-notion-mcp,307,public,yes
C0ASUSJPF1T,proj-notion-os,35,public,yes
C0AT4ST0474,proj-notion-reliability-report,28,public,yes
C08D19474SC,proj-notion-setup-sessions-ops,185,public,yes
C05TY7E421F,proj-notion-sites,205,public,yes
C06J5P45YM6,proj-notion-slides-hackathon,24,public,yes
C09FBCTSKGE,proj-notion-way,108,public,yes
C08MD6BPSPL,proj-on-prem-embeddings,37,public,yes
C097WJGRYG4,proj-oom-tools-for-reliability,33,public,yes
C09T2DG7MK9,proj-opal-migration,23,public,yes
C083Z7N753J,proj-openai-story-collab,35,public,yes
C08KUHU83Q9,proj-opfs-page-cache,21,public,yes
C0741MKGDHR,proj-paper-cuts-push,24,public,yes
C08PFM2HR32,proj-partner-program-launch-2025,63,public,yes
C08SUEPRQE8,proj-partner-program-localization,34,public,yes
C0ALREVMEKZ,proj-partner-tech,35,public,yes
C06380C4GKA,proj-passkeys,37,public,yes
C0AU9P18RRB,proj-patch-all-exposed-critical-infra-vulns,21,public,yes
C06EMTV9649,proj-pdf-import,33,public,yes
C083L17CF8U,proj-people-primitive,128,public,yes
C01Q263DEG3,proj-perf,45,public,yes
C07FREY9547,proj-perf-data-insights,34,public,yes
C09GLE1CCBT,proj-performance-marketing,50,public,yes
C0ACTSP6SSE,proj-personalization,24,public,yes
C0ACRFWTG05,proj-plan-mode,62,public,yes
C0B30V622FP,proj-plus-deprecation-test,24,public,yes
C0APR3GH9B8,proj-pnpm,30,public,yes
C0ABZJQDKTN,proj-poc-prompt-injection-guardrail-vendors,21,public,yes
C08TL3WMRBM,proj-polarsignals-internal,31,public,yes
C05LD5ZA75Z,proj-portrait-generator,48,public,yes
C0ADKJ1RS74,proj-presentation-mode,48,public,yes
C03RU8370JC,proj-pricing,178,public,yes
C08SY7FFWKD,proj-pricing-ekm,26,public,yes
C07EKC8DJ8J,proj-pricing-mobile,35,public,yes
C07KNTEFMCY,proj-pricing-offers,37,public,yes
C0743TXSP4L,proj-pricing-plusprice,38,public,yes
C09U7DLL212,proj-pricing-tools-for-ubp,31,public,yes
C08UUUWCXK5,proj-pricing-usage,205,public,yes
C06THUB0PTR,proj-private-api-abuse,43,public,yes
C09NANKF0HZ,proj-prod-and-dev-data-access,53,public,yes
C0AHYLA6PJT,proj-product-on-the-website,24,public,yes
C07TC5RJRD4,proj-protect-children,27,public,yes
C0AJX3XGL9J,proj-public-api-versions,23,public,yes
C0AR9JV1V3N,proj-publicly-used-private-apis,23,public,yes
C09UQBW9GQ0,proj-queue-2-0,45,public,yes
C09QRA6PTHU,proj-rds-backups,23,public,yes
C08LJ2B5SF6,proj-react-performance,35,public,yes
C08UDSKNAP5,proj-referral-program,24,public,yes
C099B1M0L4S,proj-reimagine-onboarding,41,public,yes
C0885SAA95E,proj-relations-and-rollups,53,public,yes
C08G8FXPR25,proj-reliability-guardrails,54,public,yes
C08TBFRG1M0,proj-research-mode-feedback,28,public,yes
C08PK1JG4TX,proj-restricted-members,71,public,yes
C0AM5GAT6S2,proj-rl-environment,30,public,yes
C08U5BEPN4D,proj-rtl,69,public,yes
C08289YCPL0,proj-rtl-feedback,37,public,yes
C08NP52BLKB,proj-sales-automation,38,public,yes
C07CB68SZCG,proj-salesforce-integration,151,public,yes
C09A9UH20RL,proj-salesforce-sync-feedback,23,public,yes
C09RNNNT08Y,proj-salestino,113,public,yes
C092EBJSHGS,proj-salestino-extension,87,public,yes
C08L92B1S4C,proj-samsung-preload,47,public,yes
C0AA5S11YUX,proj-sandbox,33,public,yes
C09JYSCHE3F,proj-search-modal-v3,40,public,yes
C08ALSW1PB9,proj-search-reindexing-architecture,25,public,yes
C09G75ACZL5,proj-securing-ai,156,public,yes
C0APX8PAM7D,proj-securing-base-images,21,public,yes
C0486059BUM,proj-segmentation-2024,24,public,yes
C026YT33P88,proj-seo,77,public,yes
C09A2V3802K,proj-seo-internal,30,public,yes
C0AEGMW8CQZ,proj-server-previews,21,public,yes
C08U8K4N3DG,proj-setup-cell3-and-cell4,60,public,yes
C074GUM1NL8,proj-share-menu-cleanup,30,public,yes
C0A213Y1KT3,proj-sharing-permission-glow-up,22,public,yes
C093190GJ3F,proj-sidebar-performance,35,public,yes
C0AT8REPYCR,proj-signal-2-ship,22,public,yes
C0ACU8GHF47,proj-single-sidebar,29,public,yes
C0B5LR4D2PQ,proj-skills-gardening-at-scale,32,public,yes
C09SCJ72LTB,proj-slack-custom-agents,112,public,yes
C04CX0R0ZCP,proj-slack-integration,78,public,yes
C09P2945N3S,proj-slippery-slope,209,public,yes
C0A2ABAFRNJ,proj-slos,121,public,yes
C0A8P1F9E4Q,proj-software-lab,446,public,yes
C0ADQ8X3STZ,proj-software-lab-internal,73,public,yes
C07DQHLC66T,proj-solutions-pod,94,public,yes
C08EKRDK606,proj-splashplatform,29,public,yes
C0B5CL41ZDK,proj-ss-metronome,23,public,yes
C0A00SLKZPG,proj-standalone-ai-app,220,public,yes
C091R1MFAMC,proj-startup-app-revamp,24,public,yes
C09001F0UGM,proj-streamlined-onboarding-journeys,33,public,yes
C06529YU6RX,proj-student-orgs,36,public,yes
C08RFDQFB7E,proj-tab-unloading,22,public,yes
C04QSF5A60G,proj-talentbook-jp,35,public,yes
C08C81NSSQ7,proj-tatami-design-system,28,public,yes
C0A6RPNREMC,proj-teams-in-notion,52,public,yes
C08QAHC2B9A,proj-teamspace-permissions-api,22,public,yes
C0AN39FQ5FD,proj-think-together,66,public,yes
C0B12THUFGR,proj-timeline,53,public,yes
C093A37TU74,proj-tool-proxy,50,public,yes
C09NSHN5Y3C,proj-tsgo-in-ides-feedback,39,public,yes
C0AMG4XMPTR,proj-types-exploration,38,public,yes
C0AU1PCATDE,proj-ubp-feedback,29,public,yes
C0AANUYQQ0J,proj-ubp-internal-dash,24,public,yes
C09KA0TRL7L,proj-unboxing,141,public,yes
C094W082EKV,proj-unified-integrations,58,public,yes
C0ALKFTH0CA,proj-unify-domain-purchases,30,public,yes
C06HRQKN75G,proj-universal-qna-alerts,29,public,yes
C09EM83B3JA,proj-update-browser-extension,34,public,yes
C07K1TDU87P,proj-use-case-labeling,24,public,yes
C0AQ6EM4599,proj-use-case-library,48,public,yes
C09RN8URGSU,proj-vdi,35,public,yes
C08UERA1PGE,proj-verified-dashboards,21,public,yes
C09QWKGNK7S,proj-version-history,65,public,yes
C089DA3M8K1,proj-viral-loops,62,public,yes
C09KE8L2SCD,proj-webinars-revamp,21,public,yes
C0AR2TPKS1K,proj-website-chat,33,public,yes
C02J25ACJJ1,proj-whats-new,100,public,yes
C0AMMPVFP89,proj-wink,49,public,yes
C09TYPT4P7Y,proj-workers-feedback,153,public,yes
C06FMSFLVNJ,proj-workflow-template-packaging,93,public,yes
C08TVQNNWPN,proj-workspace-auth,56,public,yes
C08920PPVJM,proj-workspace-migration,62,public,yes
